from,to,year,relationship,sector,channel
ec,siebentoechter,2019,candidate,tvshow,VOX
sn,abenteuermexico,2022,host,documentation,ARD
sg,aboutyou,2020,cooperation,advertisement,
sg,aboutyou,2019,cooperation,fashion,
sg,aboutyou,2021,cooperation,fashion,
sg,aboutyou,2022,cooperation,fashion,
SH,aboutyou,2019,model,advertisement,
tda,aboutyou,,model,modeling,
lg,aboutyouaward,2017,host,event,Pro7
lg,aboutyouaward,2018,host,event,Pro7
rm,absoluteMehrheit,2013,candidate,tvshow,Pro7
dc,adidas,2021,model,modeling,
mn,adidas,2011,model,advertisement,
HN,adidasxkanyewestshow,2015,model,modeling,
HN,adoreme,,model,modeling,
CB,agnesb,,model,modeling,
rm,allegegeneinen,2018,host,tvshow,Pro7
tda,amazon,2021,model,modeling,
cz,animalproject,2022,founder,charity,
AW,annaunddieliebe,2008,actress,tvshow,Sat1
AW,annaunddieliebe,2009,actress,tvshow,Sat2
le,annettegoertz,2016,model,modeling,
lg,ANTM,2009,host,tvshow,Puls4
lg,ANTM,2010,host,tvshow,Puls5
lg,ANTM,2011,host,tvshow,Puls6
lg,ANTM,2012,host,tvshow,Puls7
HN,apmnyc,,contract,modeling,
BM,apothekerin,2013,actor,movie,
aa,armani,2018,model,modeling,
aa,armani,2018,model,advertisement,
mn,armans,2015,actor,tvshow,WDR
BM,armyofthieves,2021,actor,movie,
LH,asos,,model,modeling,
sg,asphaltgorillas,2018,actor,movie,
HN,atopmodelinnewyork,2013,actor,movie,
le,ausbildung,2020,trainee,,
rm,backstageGNTM,2012,host,tvshow,Pro7
rm,backstageGNTM,2013,host,tvshow,Pro7
jb,backwerk,2014,job,food,
jb,backwerk,2015,job,food,
jb,backwerk,2016,job,food,
jb,backwerk,2017,job,food,
jb,backwerk,2018,job,food,
jb,backwerk,2019,job,food,
jb,backwerk,2020,job,food,
jb,backwerk,2021,job,food,
jb,backwerk,2022,job,food,
CB,balmai,,model,modeling,
lwe,becomealive,2014,founder,health,
lwe,becomealive,2015,founder,health,
lwe,becomealive,2016,founder,health,
lwe,becomealive,2017,founder,health,
lwe,becomealive,2018,founder,health,
lwe,becomealive,2019,founder,health,
lwe,becomealive,2020,founder,health,
lwe,becomealive,2021,founder,health,
lwe,becomealive,2022,founder,health,
dc,behindeblueeyes,2021,actor,musicvideo,
lg,Bengio,2018,actor,musicvideo,
CB,bershka,,model,advertisement,
DM,Betreuungshilfe,,job,health,
mu,bodylondon,2022,contract,modeling,
le,bonprix,2013,model,modeling,
CB,bree,,model,advertisement,
le,breuninger,2016,model,modeling,
SH,brigitte,2019,model,modeling,
dc,buchstabenBattle,2021,candidate,tvshow,RTL
jwr,bullsmgmt,2021,contract,modeling,
jwr,bullsmgmt,2022,contract,modeling,
sn,bundesministerium,2018,ambassador,charity,
sn,bundesministerium,2019,ambassador,charity,
sn,bundesministerium,2020,ambassador,charity,
sn,bundesministerium,2021,ambassador,charity,
sn,bundesministerium,2022,ambassador,charity,
sg,butler,2016,love,,
sg,butler,2017,love,,
sg,butler,2018,love,,
sg,butler,2019,love,,
sg,butler,2020,love,,
sg,butler,2021,love,,
sg,butler,2022,love,,
sg,bvlgari,2021,model,advertisement,
rm,bwmcommunications,2012,contract,showbusiness,
rm,bwmcommunications,2013,contract,showbusiness,
rm,bwmcommunications,2014,contract,showbusiness,
rm,bwmcommunications,2015,contract,showbusiness,
rm,bwmcommunications,2016,contract,showbusiness,
rm,bwmcommunications,2017,contract,showbusiness,
rm,bwmcommunications,2018,contract,showbusiness,
rm,bwmcommunications,2019,contract,showbusiness,
rm,bwmcommunications,2020,contract,showbusiness,
rm,bwmcommunications,2021,contract,showbusiness,
rm,bwmcommunications,2022,contract,showbusiness,
sg,calvink,2015,model,advertisement,
so,calzedonia,2021,model,modeling,
mvg,campdavid,,model,modeling,
HN,campdavidandsoccx,,model,modeling,
SH,careline,2018,model,advertisement,
SH,castrofashion,2018,model,advertisement,
BM,celebrity,2007,model,modeling,
jds,celiaczerlisnki,,model,modeling,
sn,chloe,2018,ambassador,advertisement,
sn,chloe,2018,model,advertisement,
BM,christineperfektwargestern,2013,actor,tvshow,RTL
aa,citymodels,2011,contract,modeling,
aa,citymodels,2012,contract,modeling,
aa,citymodels,2013,contract,modeling,
aa,citymodels,2014,contract,modeling,
aa,citymodels,2015,contract,modeling,
aa,citymodels,2016,contract,modeling,
aa,citymodels,2017,contract,modeling,
aa,citymodels,2018,contract,modeling,
aa,citymodels,2019,contract,modeling,
aa,citymodels,2020,contract,modeling,
aa,citymodels,2021,contract,modeling,
aa,citymodels,2022,contract,modeling,
SAH,cityzeit,2017,model,modeling,
HN,cocacola,,ambassador,advertisement,
HN,cocoon,,model,modeling,
ak,cosmopolitan,2012,model,modeling,
BM,cosmopolitan,2008,model,modeling,
CB,cosmopolitan,,model,modeling,
HN,cosmopolitan,,model,modeling,
jb,cosmopolitan,2011,model,modeling,
jb,cosmopolitan,2012,model,modeling,
kh,cosmopolitan,2016,model,modeling,
LH,cosmopolitan,2012,model,modeling,
sg,cosmopolitan,2014,model,modeling,
ap,cro,2017,actor,musicvideo,
ap,cro,2017,love,,
CB,cruisearoundtheworld,2020,model,modeling,
BM,cunda,2007,ambassador,advertisement,
jds,cunda,,ambassador,advertisement,
jh,cunda,2008,model,modeling,
sn,cunda,2010,model,advertisement,
tda,danielwellington,,model,modeling,
lg,dasdingdesjahres,2018,jury,tvshow,Pro7
lg,dasdingdesjahres,2019,jury,tvshow,Pro7
lg,dasdingdesjahres,2020,jury,tvshow,Pro7
rm,dasDuellumdieGeld,2016,candidate,tvshow,Pro7
rm,dasgrossepromibacken,2020,candidate,tvshow,Sat1
AW,dasperfektepromidinner,2009,candidate,tvshow,VOX
lg,dasverlorenedorf,2017,voice actor,movie,
BM,deinwegzumgluecksgewicht,2015,author,literature,
BM,deralte,2012,actor,tvshow,ZDF
BM,deronkelthehawk,2022,actor,movie,
BM,derstaatsanwalt,2012,actor,tvshow,ZDF
BM,deutschemuseen,2012,ambassador,advertisement,
lg,deutschlandtanzt,2015,host,tvshow,Pro7
jds,dickeliebe,2008,actor,movie,
rm,dieAlm,2011,candidate,tvshow,Pro7
BM,diegeschichtedermenschheitleichtgekuerzt,2022,actor,movie,
AW,diemodelwg,2009,candidate,tvshow,Puls4
amp,diorBeauty,2022,ambassador,modeling,
BM,disneylandparis,2008,ambassador,advertisement,
ak,dkms,2012,ambassador,event,
as,documentjournal,2020,model,modeling,
sn,dreistendrei,2011,actor,tvshow,Sat1
as,eckenundkanten,2021,model,modeling,
ec,einstein,2018,actor,tvshow,Sat1
aa,elitemodels,,contract,modeling,
BM,elitemodels,,contract,modeling,
CB,elitemodels,,contract,modeling,
jb,elitemodels,2012,contract,modeling,
vf,elitemodels,2020,contract,modeling,
vf,elitemodels,2021,contract,modeling,
vf,elitemodels,2022,contract,modeling,
ak,elle,2012,contract,modeling,
HN,elle,,model,modeling,
it,elle,2021,model,modeling,
LH,elle,,model,modeling,
jds,ellemacpherson,2016,model,modeling,
jf,emmi,2014,model,advertisement,
LH,emmi,2012,ambassador,advertisement,
BM,endlessnachrichtvonchris,2020,actor,movie,
mn,envidia,2016,actor,movie,
vf,EnzioM,2020,contract,modeling,
vf,EnzioM,2021,contract,modeling,
vf,EnzioM,2022,contract,modeling,
AW,Erikahendrixkampagne,2008,model,modeling,
sr,ernstings,2021,model,fashionshow,
LH,escada,2014,ambassador,advertisement,
sg,escada,2018,ambassodor,advertisement,
rm,eskannnureinengeben,2012,candidate,tvshow,RTL
aa,eskimomodels,2011,contract,modeling,
aa,eskimomodels,2012,contract,modeling,
aa,eskimomodels,2013,contract,modeling,
aa,eskimomodels,2014,contract,modeling,
aa,eskimomodels,2015,contract,modeling,
aa,eskimomodels,2016,contract,modeling,
aa,eskimomodels,2017,contract,modeling,
aa,eskimomodels,2018,contract,modeling,
aa,eskimomodels,2019,contract,modeling,
aa,eskimomodels,2020,contract,modeling,
aa,eskimomodels,2021,contract,modeling,
aa,eskimomodels,2022,contract,modeling,
HN,esprit,,ambassador,advertisement,
HN,esquire,,model,modeling,
HN,extremeactivity,2007,candidate,tvshow,Pro7
aa,fabriccamilano,,contract,modeling,
mn,fairknalltbook,2021,author,literature,
mn,fairknalltweb,2022,founder,fashion,
BM,fashioncultmodelmanagement,,contract,modeling,
RB,fashionmanagement,,student,university,
aa,FashionweekAustralia,2014,model,modeling,
ap,FashionweekBangkok,2018,model,modeling,
ak,FashionweekBerlin,2012,contract,modeling,
BM,FashionweekBerlin,2011,model,modeling,
dc,FashionweekBerlin,2021,model,modeling,
DM,FashionweekBerlin,,model,modeling,
jwr,FashionweekBerlin,2020,model,fashion,
LH,FashionweekBerlin,2014,model,modeling,
mu,FashionweekBerlin,2022,model,modeling,
rm,FashionweekBerlin,2012,contract,modeling,
rm,FashionweekBerlin,2014,model,fashion,
sg,FashionweekBerlin,2015,model,modeling,
sg,FashionweekBerlin,2016,model,modeling,
sn,FashionweekBerlin,2009,model,fashion,
so,FashionweekBerlin,2021,model,modeling,
jt,FashionweekBerlin,2019,model,modeling,
lw,FashionweekBerlin,2013,model,modeling,
tda,FashionweekBerlin,2019,model,modeling,
sp,FashionweekCanada,2021,model,modeling,
aa,FashionweekMilan,2013,model,modeling,
aa,FashionweekMilan,2017,model,modeling,
aa,FashionweekMilan,2018,model,modeling,
aa,FashionweekNewyork,2012,model,modeling,
aa,FashionweekNewyork,2014,model,modeling,
aa,FashionweekNewyork,2015,model,modeling,
aa,FashionweekNewyork,2016,model,modeling,
aa,FashionweekNewyork,2017,model,modeling,
aa,FashionweekNewyork,2019,model,modeling,
aa,FashionweekNewyork,2021,model,modeling,
aa,FashionweekNewyork,2022,model,modeling,
HN,FashionweekNewyork,2015,model,modeling,
vf,FashionweekNewyork,2021,model,modeling,
vf,FashionweekNewyork,2022,model,modeling,
aa,FashionweekParis,2017,model,modeling,
aa,FashionweekParis,2018,model,modeling,
aa,FashionweekParis,2020,model,modeling,
BM,FashionweekParis,2010,model,modeling,
CB,FashionweekParis,,model,modeling,
LH,FashionweekParis,,model,modeling,
sg,FashionweekParis,2022,model,modeling,
LH,FashionweekSydney,2013,model,modeling,
so,ferragamo,2021,model,modeling,
so,ferragamo,2022,model,modeling,
HN,fhmfrance,,model,modeling,
SH,fielmann,2018,model,advertisement,
jf,fordmex,2018,model,advertisement,
sn,fossil,2018,model,advertisement,
rm,fragdochdieMaus,2013,candidate,tvshow,WDR
aa,francinamodels,,contract,modeling,
le,franziskus,2014,love,,
le,franziskus,2015,love,,
le,franziskus,2016,love,,
le,franziskus,2017,love,,
le,franziskus,2018,love,,
le,franziskus,2019,love,,
jw,FreiberuflicheJournalistin,2022,job,journalism,
jwr,fruehling,2020,actor,tvshow,ZDF
tda,fruehstuecksfernsehen,2018,candidate,tvshow,Sat1
sg,furla,2018,ambassodor,advertisement,
SH,galitafashion,2019,model,modeling,
ak,garnierreineHaut,2011,model,modeling,
sg,glamour,2021,model,modeling,
SAH,GNTMBlog,2017,model,advertisement,
rm,GNTMjury,2020,jury,tvshow,Pro7
rm,GNTMjury,2021,jury,tvshow,Pro7
tda,GNTMjury,2019,jury,tvshow,Pro7
jds,GNTMVideospiel,2009,host,event,
HN,gq,,model,modeling,
mb,gq,2016,model,modeling,
rm,gq,2012,model,modeling,
sg,grazia,2018,model,modeling,
rm,grilldenHenssler,2015,candidate,tvshow,VOX
rm,grilldenHenssler,2020,candidate,tvshow,VOX
HN,guidomariakretschmar,,model,modeling,
BM,gutereise,2011,actor,movie,
AW,halloweenhorrorhostel,2007,actor,movie,
AW,hallhuberkampagne,2008,model,modeling,
AW,hallhuberkampagne,2007,model,advertisement,
BM,Hallmann,2016,love,,
BM,Hallmann,2017,love,,
BM,Hallmann,2018,love,,
BM,Hallmann,2019,love,,
BM,Hallmann,2020,love,,
BM,Hallmann,2021,love,,
BM,Hallmann,2022,love,,
sr,handelsblatt,2022,job,human resources,
amp,harpersbazaar,2021,model,modeling,
kh,harpersbazaar,2022,model,modeling,
aa,harpersbazaar,2021,model,modeling,
CB,harpersbazaar,2020,model,modeling,
HN,harpersbazaar,2007,model,modeling,
LH,harpersbazaar,2012,model,modeling,
so,harpersbazaar,2021,model,modeling,
vf,harpersbazaar,2021,model,modeling,
BM,HattingerunddiekalteHand,2013,actor,movie,ZDF
BM,heiratenistnichtsfuerfeiglinge,2015,actor,movie,ZDF
sg,herstory,2020,host,documentation,Sky
mn,highgirls,2014,actor,movie,
mn,himmelswillen,2021,actor,tvshow,ARD
BM,hochzeit,2009,model,modeling,
mvg,HUFmagazine,,model,modeling,
jb,hugoboss,2012,model,fashion,
sg,hugoboss,2018,model,advertisement,
CB,hummels,2022,love,,
sn,hundm,2019,ambassador,advertisement,
sn,hundm,2019,model,advertisement,
mn,huntprey,2014,actor,movie,
lwe,ihelpbecauseican,2022,founder,health,
BM,IMGModels,,contract,modeling,
HN,IMGModels,,contract,modeling,
jh,IMGModels,2008,contract,modeling,
jh,IMGModels,2009,contract,modeling,
jh,IMGModels,2010,contract,modeling,
jw,IMGModels,2006,contract,modeling,
jw,IMGModels,2007,contract,modeling,
jw,IMGModels,2008,contract,modeling,
kh,IMGModels,2018,contract,modeling,
kh,IMGModels,2019,contract,modeling,
kh,IMGModels,2020,contract,modeling,
kh,IMGModels,2021,contract,modeling,
kh,IMGModels,2022,contract,modeling,
lg,IMGModels,2006,contract,modeling,
lg,IMGModels,2007,contract,modeling,
lg,IMGModels,2008,contract,modeling,
lg,IMGModels,2009,contract,modeling,
lg,IMGModels,2010,contract,modeling,
LH,IMGModels,2014,contract,modeling,
rm,inallerFreundschaft,2012,actor,tvshow,ARD
rm,inallerFreundschaft,2013,actor,tvshow,ARD
amp,Instagram,2021,influencer,socialmedia,
amp,Instagram,2022,influencer,socialmedia,
ap,Instagram,2015,influencer,socialmedia,
ap,Instagram,2016,influencer,socialmedia,
ap,Instagram,2017,influencer,socialmedia,
ap,Instagram,2018,influencer,socialmedia,
ap,Instagram,2019,influencer,socialmedia,
ap,Instagram,2020,influencer,socialmedia,
ap,Instagram,2012,influencer,socialmedia,
ap,Instagram,2022,influencer,socialmedia,
BM,Instagram,2013,influencer,socialmedia,
BM,Instagram,2014,influencer,socialmedia,
BM,Instagram,2015,influencer,socialmedia,
BM,Instagram,2016,influencer,socialmedia,
BM,Instagram,2017,influencer,socialmedia,
BM,Instagram,2018,influencer,socialmedia,
BM,Instagram,2019,influencer,socialmedia,
BM,Instagram,2020,influencer,socialmedia,
BM,Instagram,2021,influencer,socialmedia,
BM,Instagram,2022,influencer,socialmedia,
CB,Instagram,2017,influencer,socialmedia,
CB,Instagram,2018,influencer,socialmedia,
CB,Instagram,2019,influencer,socialmedia,
CB,Instagram,2020,influencer,socialmedia,
CB,Instagram,2021,influencer,socialmedia,
CB,Instagram,2022,influencer,socialmedia,
cz,Instagram,2022,influencer,socialmedia,
cz,Instagram,2019,influencer,socialmedia,
cz,Instagram,2020,influencer,socialmedia,
cz,Instagram,2021,influencer,socialmedia,
dc,Instagram,2021,influencer,socialmedia,
dc,Instagram,2022,influencer,socialmedia,
ec,Instagram,2016,influencer,socialmedia,
ec,Instagram,2017,influencer,socialmedia,
ec,Instagram,2018,influencer,socialmedia,
ec,Instagram,2019,influencer,socialmedia,
ec,Instagram,2020,influencer,socialmedia,
ec,Instagram,2021,influencer,socialmedia,
ec,Instagram,2022,influencer,socialmedia,
fh,Instagram,2016,influencer,socialmedia,
fh,Instagram,2017,influencer,socialmedia,
fh,Instagram,2018,influencer,socialmedia,
fh,Instagram,2019,influencer,socialmedia,
fh,Instagram,2020,influencer,socialmedia,
fh,Instagram,2021,influencer,socialmedia,
fh,Instagram,2022,influencer,socialmedia,
HN,Instagram,2015,influencer,socialmedia,
HN,Instagram,2016,influencer,socialmedia,
HN,Instagram,2017,influencer,socialmedia,
HN,Instagram,2018,influencer,socialmedia,
HN,Instagram,2019,influencer,socialmedia,
HN,Instagram,2020,influencer,socialmedia,
HN,Instagram,2021,influencer,socialmedia,
HN,Instagram,2022,influencer,socialmedia,
it,Instagram,2022,influencer,advertisement,
it,Instagram,2022,influencer,socialmedia,
jf,Instagram,2022,influencer,socialmedia,
jt,Instagram,2018,influencer,socialmedia,
jt,Instagram,2019,influencer,socialmedia,
jt,Instagram,2020,influencer,socialmedia,
jt,Instagram,2021,influencer,socialmedia,
jt,Instagram,2022,influencer,socialmedia,
jwr,Instagram,2020,influencer,socialmedia,
jwr,Instagram,2021,influencer,socialmedia,
jwr,Instagram,2022,influencer,socialmedia,
kh,Instagram,2016,influencer,socialmedia,
kh,Instagram,2017,influencer,socialmedia,
kh,Instagram,2018,influencer,socialmedia,
kh,Instagram,2019,influencer,socialmedia,
kh,Instagram,2020,influencer,socialmedia,
kh,Instagram,2021,influencer,socialmedia,
kh,Instagram,2022,influencer,socialmedia,
le,Instagram,2013,influencer,socialmedia,
le,Instagram,2014,influencer,socialmedia,
le,Instagram,2015,influencer,socialmedia,
le,Instagram,2016,influencer,socialmedia,
le,Instagram,2017,influencer,socialmedia,
le,Instagram,2018,influencer,socialmedia,
le,Instagram,2019,influencer,socialmedia,
le,Instagram,2020,influencer,socialmedia,
le,Instagram,2021,influencer,socialmedia,
le,Instagram,2022,influencer,socialmedia,
lg,Instagram,2012,influencer,socialmedia,
lg,Instagram,2013,influencer,socialmedia,
lg,Instagram,2014,influencer,socialmedia,
lg,Instagram,2015,influencer,socialmedia,
lg,Instagram,2016,influencer,socialmedia,
lg,Instagram,2017,influencer,socialmedia,
lg,Instagram,2018,influencer,socialmedia,
lg,Instagram,2019,influencer,socialmedia,
lg,Instagram,2020,influencer,socialmedia,
lg,Instagram,2022,influencer,socialmedia,
LH,Instagram,2012,influencer,socialmedia,
LH,Instagram,2013,influencer,socialmedia,
LH,Instagram,2014,influencer,socialmedia,
LH,Instagram,2015,influencer,socialmedia,
LH,Instagram,2016,influencer,socialmedia,
LH,Instagram,2017,influencer,socialmedia,
LH,Instagram,2018,influencer,socialmedia,
LH,Instagram,2019,influencer,socialmedia,
LH,Instagram,2020,influencer,socialmedia,
LH,Instagram,2021,influencer,socialmedia,
LH,Instagram,2022,influencer,socialmedia,
mb,Instagram,2022,influencer,socialmedia,
mn,Instagram,2022,influencer,socialmedia,
mu,Instagram,2020,influencer,socialmedia,
mu,Instagram,2021,influencer,socialmedia,
mu,Instagram,2022,influencer,socialmedia,
pr,Instagram,2018,influencer,socialmedia,
pr,Instagram,2019,influencer,socialmedia,
pr,Instagram,2020,influencer,socialmedia,
pr,Instagram,2021,influencer,socialmedia,
pr,Instagram,2022,influencer,socialmedia,
rm,Instagram,2012,influencer,socialmedia,
rm,Instagram,2013,influencer,socialmedia,
rm,Instagram,2014,influencer,socialmedia,
rm,Instagram,2015,influencer,socialmedia,
rm,Instagram,2016,influencer,socialmedia,
rm,Instagram,2017,influencer,socialmedia,
rm,Instagram,2018,influencer,socialmedia,
rm,Instagram,2019,influencer,socialmedia,
rm,Instagram,2020,influencer,socialmedia,
rm,Instagram,2021,influencer,socialmedia,
rm,Instagram,2022,influencer,socialmedia,
sg,Instagram,2022,influencer,socialmedia,
SH,Instagram,2017,influencer,socialmedia,
SH,Instagram,2018,influencer,socialmedia,
SH,Instagram,2019,influencer,socialmedia,
SH,Instagram,2020,influencer,socialmedia,
SH,Instagram,2021,influencer,socialmedia,
SH,Instagram,2022,influencer,socialmedia,
sk,Instagram,2022,influencer,socialmedia,
sn,Instagram,2022,influencer,socialmedia,
so,Instagram,2021,influencer,socialmedia,
so,Instagram,2022,influencer,socialmedia,
sp,Instagram,2020,influencer,socialmedia,
sp,Instagram,2021,influencer,socialmedia,
sp,Instagram,2022,influencer,socialmedia,
sr,Instagram,2022,influencer,socialmedia,
tda,Instagram,2018,influencer,socialmedia,
tda,Instagram,2019,influencer,socialmedia,
tda,Instagram,2020,influencer,socialmedia,
tda,Instagram,2021,influencer,socialmedia,
tda,Instagram,2022,influencer,socialmedia,
vf,Instagram,2015,influencer,socialmedia,
vf,Instagram,2016,influencer,socialmedia,
vf,Instagram,2017,influencer,socialmedia,
vf,Instagram,2018,influencer,socialmedia,
vf,Instagram,2019,influencer,socialmedia,
vf,Instagram,2020,influencer,socialmedia,
vf,Instagram,2012,influencer,socialmedia,
vf,Instagram,2022,influencer,socialmedia,
ys,Instagram,2012,influencer,socialmedia,
ys,Instagram,2013,influencer,socialmedia,
ys,Instagram,2014,influencer,socialmedia,
ys,Instagram,2015,influencer,socialmedia,
ys,Instagram,2016,influencer,socialmedia,
ys,Instagram,2017,influencer,socialmedia,
ys,Instagram,2018,influencer,socialmedia,
ys,Instagram,2019,influencer,socialmedia,
ys,Instagram,2020,influencer,socialmedia,
ys,Instagram,2022,influencer,socialmedia,
BM,instyle,2010,model,modeling,
jb,instyle,2012,model,modeling,
mn,instyle,2017,model,modeling,
sg,instyle,2019,model,modeling,
HN,isadoramascara,,ambassador,advertisement,
vf,issue,2020,model,modeling,
HN,Ittakestwo,2017,candidate,tvshow,RTL
BM,jahrdermathematik,2008,ambassador,advertisement,
ak,jeansblessedandcursed,2011,model,modeling,
jh,jennykl,2008,founder,fashion,
kh,jerks,2017,actor,movie,joyn
tda,jokoundklaas,2019,candidate,tvshow,Pro7
aa,josienatori,2015,model,modeling,
tda,jugendgottesdienst,,job,church,
AW,julesmumm,2007,model,advertisement,
rm,jungegegenMaedchen,2015,candidate,tvshow,RTL
it,kalissivienna,2019,model,fashion,
vf,karinmodels,2020,contract,modeling,
vf,karinmodels,2021,contract,modeling,
vf,karinmodels,2022,contract,modeling,
AW,karllagerfeld,,model,modeling,
sk,karllagerfeld,2022,model,advertisement,
HN,karstadt,,ambassador,advertisement,
lg,katjes,2008,ambassador,advertisement,
kh,keen,2016,love,,
kh,keen,2017,love,,
jwr,kerastase,2022,model,advertisement,
lg,khan,2006,love,,
lg,khan,2007,love,,
lg,khan,2008,love,,
lg,khan,2009,love,,
lg,khedira,2011,love,,
lg,khedira,2012,love,,
lg,khedira,2013,love,,
lg,khedira,2014,love,,
lg,khedira,2015,love,,
dc,killiankerner,2021,model,modeling,
ys,kister,2012,love,,
ys,kister,2013,love,,
ys,kister,2014,love,,
ys,kister,2015,love,,
ys,kister,2016,love,,
ys,kister,2017,love,,
ys,kister,2018,love,,
ys,kister,2019,love,,
ys,kister,2020,love,,
ys,kister,2022,love,,
ap,koll,2018,love,,
ap,koll,2019,love,,
ap,koll,2020,love,,
lw,krankenschwester,,job,health,
BM,kuestenwache,2013,actor,tvshow,ZDF
amp,kyliecosmetics,2022,model,modeling,
ec,labauleunderben,2018,actor,tvshow,SWR
SH,laishamagazin,2018,model,modeling,
tda,lambertzmondaynight,2020,model,modeling,
sn,lanagrossa,2016,ambassador,advertisement,
sn,lanagrossa,2016,model,advertisement,
sn,lascana,2013,model,advertisement,
tda,latenightberlin,2018,candidate,tvshow,Pro7
lg,LeGer,2019,founder,fashion,
lg,LeGer,2020,founder,fashion,
lg,LeGer,2021,founder,fashion,
lg,LeGer,2022,founder,fashion,
mu,lemanagement,2021,contract,modeling,
mu,lemanagement,2022,contract,modeling,
HN,lenahoschek,,model,modeling,
mn,leto,2013,actor,movie,
BM,letsdance,2018,candidate,tvshow,RTL
rm,letsdance,2012,candidate,tvshow,RTL
ap,letsfacereality,2018,,tvshow,
sg,levis,2017,model,advertisement,
BM,lidl,2021,ambassador,advertisement,
so,lindenstaub,2021,contract,modeling,
so,lindenstaub,2022,contract,modeling,
aa,lippsla,,contract,modeling,
SH,lironmeyzabridal,2019,model,modeling,
SAH,lizasjewellery,2016,modeling,advertisement,
as,lofficiel,2022,model,modeling,
BM,lofficiel,2008,model,modeling,
so,lofficiel,2021,model,modeling,
sp,lofficiel,2022,model,modeling,
vf,lofficiel,2020,model,modeling,
vf,lofficiel,2021,model,modeling,
HN,lordundtaylor,,ambassador,advertisement,
amp,loreal,2022,model,advertisement,
HN,loreal,,ambassador,advertisement,
sg,loreal,2016,ambassodor,cosmetic,
sg,loreal,2017,ambassodor,cosmetic,
sg,loreal,2018,ambassodor,cosmetic,
sg,loreal,2019,ambassodor,cosmetic,
sg,loreal,2020,ambassodor,cosmetic,
it,louisamodels,2022,contract,modeling,
jb,louisamodels,2012,contract,modeling,
kh,louisamodels,2019,contract,modeling,
kh,louisamodels,2020,contract,modeling,
kh,louisamodels,2021,contract,modeling,
kh,louisamodels,2022,contract,modeling,
so,louisamodels,2022,contract,modeling,
so,louisamodels,2021,contract,modeling,
sg,louisvuitton,2022,model,advertisement,
sn,lov,2017,ambassador,advertisement,
sn,lufthansa,2011,model,advertisement,
AW,maennerherzen,2009,actor,movie,
HN,maennerherzen,2009,actor,movie,
ys,maennerherzen,2009,actor,movie,
RB,maisonnoee,2019,model,modeling,
BM,majormodelmanagement,,contract,modeling,
jb,makeupmissyln,2012,model,modeling,
HN,mango,,ambassador,advertisement,
dc,marcelostertag,2021,model,modeling,
jh,marcelostertag,,model,modeling,
SAH,mariannaderifashion,2016,ambassador,advertisement,
aa,marieclaire,2014,model,modeling,
aa,marieclaire,2015,model,modeling,
BM,marieclaire,2009,model,modeling,
HN,marieclaire,,model,modeling,
vf,marieclaire,2022,model,modeling,
amp,marinahoermannseder,2021,model,modeling,
dc,maskoff,2022,candidate,tvshow,joyn
rm,mastersofDance,2018,host,tvshow,Pro7
rm,mastersofDance,2019,host,tvshow,Pro7
ys,maxdome,2006,ambassador,advertisement,
AW,maxfactorkampagne,2009,model,modeling,
sg,maxgiesinger,2016,actor,musicvideo,
HN,maximgermany,,model,modeling,
jf,maybelline,2014,ambassodor,advertisement,
LH,maybellinejade,2012,ambassador,advertisement,
sn,maybellinejade,2009,ambassador,advertisement,
BM,mcdonalds,2007,ambassador,advertisement,
cl,medienmanagement,2008,student,university,
tda,MedienundKommunikationsmanagement,,student,university,
rm,meinMannkann,2012,candidate,tvshow,Sat1
sg,mercedes,2019,ambassodor,advertisement,
sg,mercedes,2020,ambassodor,advertisement,
sg,mercedes,2021,ambassodor,advertisement,
SH,metromodels,,contract,modeling,
ec,metropolitan,2018,contract,modeling,
sg,michaelkors,2016,model,advertisement,
RB,michaelmichalsky,2019,model,modeling,
SH,michaelmichalsky,2018,model,advertisement,
le,mietenkaufenwohnen,,candidate,tvshow,VOX
mn,mindbody,2016,actor,movie,
as,mixte,2021,model,modeling,
jds,modelbooking,,job,fashion,
lwe,ModelsimBabyglueck,2016,actor,tvshow,RTL2
HN,modelsinthecity,2012,actor,tvshow,
HN,modelwerkhamburg,,contract,modeling,
ys,modelWG,2010,candidate,tvshow,Pro7
ys,modelWG,2011,candidate,tvshow,Pro7
sp,moevir,2022,model,modeling,
sg,mon,2018,founder,cosmetic,
sg,mon,2019,founder,cosmetic,
sg,mon,2020,founder,cosmetic,
sg,mon,2021,founder,cosmetic,
sg,mon,2022,founder,cosmetic,
vf,monstermanagement,2020,contract,modeling,
vf,monstermanagement,2021,contract,modeling,
vf,monstermanagement,2022,contract,modeling,
BM,Mordinbestergesellschaft,2017,actor,tvshow,ARD
BM,mpmanagement,,contract,modeling,
lg,muellerwohlfahrt,2016,love,,
lg,muellerwohlfahrt,2017,love,,
lg,muellerwohlfahrt,2018,love,,
BM,muenchenschauthin,2012,actor,advertisement,
aa,munichmodels,,contract,modeling,
LH,munichmodels,2014,contract,modeling,
sp,munichmodels,2021,contract,modeling,
sp,munichmodels,2022,contract,modeling,
aa,musemodels,2019,contract,modeling,
sg,musemodels,2017,contract,modeling,
sg,musemodels,2018,contract,modeling,
sg,musemodels,2019,contract,modeling,
sg,musemodels,2020,contract,modeling,
sg,musemodels,2021,contract,modeling,
sg,musemodels,2022,contract,modeling,
jt,musicindustry,,music,music,
sg,nanny,2015,actor,movie,
CB,nastymagazin,2020,model,modeling,
tda,nicosantosundtopic,2020,actor,musicvideo,
sg,nike,2020,ambassodor,fashion,
sg,nike,2021,ambassodor,fashion,
sg,nike,2022,ambassodor,fashion,
jds,nintendoDS,,model,advertisement,
mn,noir,2013,actor,movie,
BM,notrufhafenkante,2013,actor,tvshow,ZDF
BM,notrufhafenkante,2016,actor,tvshow,ZDF
rm,notrufhafenkante,2014,actor,tvshow,ZDF
sg,nuin,2019,founder,fashion,
sg,nuin,2020,founder,fashion,
sg,nuin,2021,founder,fashion,
sg,nuin,2022,founder,fashion,
as,numero,2020,model,modeling,
as,numero,2021,model,modeling,
sn,nurucoffee,2016,founder,food,
sn,nuruwomen,2022,founder,charity,
sg,nylon,2019,model,modeling,
amp,oceansapart,2021,model,modeling,
mb,officeb,2022,contract,modeling,
aa,OneEins,2010,contract,modeling,
ak,OneEins,2011,contract,modeling,
ap,OneEins,2015,contract,modeling,
ap,OneEins,2016,contract,modeling,
ap,OneEins,2017,contract,modeling,
BM,OneEins,2007,contract,modeling,
CB,OneEins,2017,contract,modeling,
DM,OneEins,2012,contract,modeling,
ec,OneEins,2016,contract,modeling,
ec,OneEins,2017,contract,modeling,
fh,OneEins,2016,contract,modeling,
hb,OneEins,2010,contract,modeling,
hb,OneEins,2011,contract,modeling,
jb,OneEins,2011,contract,modeling,
jwr,OneEins,2020,contract,modeling,
jwr,OneEins,2021,contract,modeling,
kh,OneEins,2016,contract,modeling,
le,OneEins,2013,contract,modeling,
LH,OneEins,2012,contract,modeling,
LH,OneEins,2013,contract,modeling,
LH,OneEins,2014,contract,modeling,
lw,OneEins,2013,contract,modeling,
mu,OneEins,2020,contract,modeling,
mu,OneEins,2021,contract,modeling,
rm,OneEins,2011,contract,modeling,
SAH,OneEins,2012,contract,modeling,
sg,OneEins,2014,contract,modeling,
sg,OneEins,2015,contract,modeling,
SH,OneEins,2017,contract,modeling,
sk,OneEins,2019,contract,modeling,
sk,OneEins,2020,contract,modeling,
sp,OneEins,2020,contract,modeling,
sp,OneEins,2021,contract,modeling,
tda,OneEins,2018,contract,modeling,
tda,OneEins,2019,contract,modeling,
tda,OneEins,2020,contract,modeling,
tda,OneEins,2021,contract,modeling,
tda,OneEins,2022,contract,modeling,
vf,OneEins,2015,contract,modeling,
vf,OneEins,2016,contract,modeling,
vf,OneEins,2017,contract,modeling,
ys,OneEins,2006,contract,modeling,
ys,OneEins,2007,contract,modeling,
ys,OneEins,2008,contract,modeling,
ys,OneEins,2009,contract,modeling,
ys,OneEins,2010,contract,modeling,
ys,OneEins,2011,contract,modeling,
ys,OneEins,2012,contract,modeling,
ys,OneEins,2013,contract,modeling,
ys,OneEins,2014,contract,modeling,
ys,OneEins,2015,contract,modeling,
ys,OneEins,2016,contract,modeling,
ys,OneEins,2017,contract,modeling,
ys,OneEins,2018,contract,modeling,
jw,OnlineMusikMagazin,2012,founder,journalism,
jw,OnlineMusikMagazin,2013,founder,journalism,
jw,OnlineMusikMagazin,2014,founder,journalism,
jw,OnlineMusikMagazin,2015,founder,journalism,
jw,OnlineMusikMagazin,2016,founder,journalism,
jw,OnlineMusikMagazin,2017,founder,journalism,
jw,OnlineMusikMagazin,2018,founder,journalism,
jw,OnlineMusikMagazin,2019,founder,journalism,
jw,OnlineMusikMagazin,2020,founder,journalism,
jw,OnlineMusikMagazin,2021,founder,journalism,
HN,opel,,ambassador,advertisement,
BM,oskargehenwennsamschoenstenist,2018,actor,movie,
jds,otto,,model,advertisement,
sn,ottoseleven,2010,actor,movie,
lg,ouiset,2006,ambassador,advertisement,
sk,palmolive,2019,ambassador,advertisement,
BM,panteneprov,2007,ambassador,advertisement,
aa,pars,,contract,modeling,
it,pars,2015,contract,modeling,
mb,pars,,contract,modeling,
jwr,paulmitchell,2020,model,modeling,
amp,peekundcloppenburg,2022,founder,modeling,
so,peekundcloppenburg,2021,model,modeling,
jh,perretschaad,2016,model,modeling,
HN,peta,,ambassador,advertisement,
aa,philippplein,2017,model,modeling,
ak,philippplein,2012,model,fashion,
DM,philippplein,,model,modeling,
jh,philippplein,,model,modeling,
ec,plantbasedbook,2022,author,literature,
sk,playboy,2020,model,modeling,
BM,plazawatch,2010,model,modeling,
le,pma,2014,contract,modeling,
le,pma,2015,contract,modeling,
le,pma,2016,contract,modeling,
le,pma,2017,contract,modeling,
le,pma,2018,contract,modeling,
le,pma,2019,contract,modeling,
le,pma,2020,contract,modeling,
le,pma,2021,contract,modeling,
le,pma,2022,contract,modeling,
tda,poetryslam,,candidate,literature,
lg,prankenstein,2015,host,tvshow,Pro7
lg,prankenstein,2016,host,tvshow,Pro7
SH,primadonnamagazin,2018,model,modeling,
HN,promishoopingqueen,2017,candidate,tvshow,VOX
kh,promishoppingqueen,2017,candidate,tvshow,VOX
tda,promishoppingqueen,2019,candidate,tvshow,VOX
AW,quiztaxi,2007,candidate,tvshow,KabelEins
CB,ralphlauren,,model,advertisement,
BM,readytowear,2007,model,modeling,
BM,readytowear,2008,model,modeling,
BM,readytowear,2009,model,modeling,
BM,readytowear,2010,model,modeling,
BM,readytowear,2011,model,modeling,
BM,readytowear,2012,model,modeling,
lg,red,2013,host,tvshow,Pro7
lg,red,2014,host,tvshow,Pro7
rm,red,2020,host,tvshow,Pro7
aa,redmodels,2014,contract,modeling,
aa,redmodels,2015,contract,modeling,
sn,reebok,2010,model,advertisement,
sn,reisefiber,2011,host,tvshow,Sat1
BM,reiterhofwildenstein,2019,actor,tvshow,ZDF
rm,rennzurMillion,2019,host,tvshow,Pro7
HN,repeatcashmere,,ambassador,advertisement,
SAH,restaurant,,job,food,
DM,rheingalerie,2018,ambassador,advertisement,
BM,ricooskarunddasherzgebreche,2015,actor,movie,
mn,riogirls,2011,singer,music,
jds,rockundrepublic,,model,modeling,
sn,roots,2019,author,literature,
AW,russellhobbs,2007,model,advertisement,
HN,russellsimmoms,,model,modeling,
jwr,samuelgaertner,2022,model,modeling,
sp,samuelgaertner,2022,model,modeling,
BM,schaebens,2016,ambassador,advertisement,
BM,schaechten,2022,actor,movie,
lg,schlagdenstar,2017,candidate,tvshow,Pro7
lg,schoene,2019,love,,
lg,schoene,2020,love,,
lg,schoene,2021,love,,
lg,schoene,2022,love,,
jwr,SchoenheitvorAlter,2021,host,podcast,
jwr,SchoenheitvorAlter,2022,host,podcast,
BM,schonwiederhenriette,2013,actor,movie,
BM,SchreiederVergessenen,2011,actor,movie,Pro7
BM,schwaegereltern,2015,actor,tvshow,ZDF
HN,schwarzkopf,,ambassador,advertisement,
so,schwarzkopf,2021,model,modeling,
BM,sechsaufeinenstreich,2014,actor,movie,ARD
so,selectmodelstockholm,2021,contract,modeling,
so,selectmodelstockholm,2022,contract,modeling,
BM,semperey,2011,model,modeling,
jds,severinhaircare,2009,model,modeling,
SH,shahafgershon,2020,model,modeling,
jf,shape,2016,model,modeling,
ec,showtimeofmylife,2021,candidate,tvshow,VOX
rm,sinato,2012,love,,
rm,sinato,2013,love,,
rm,sinato,2014,love,,
rm,sinato,2015,love,,
rm,sinato,2016,love,,
rm,sinato,2017,love,,
rm,sinato,2018,love,,
rm,sinato,2019,love,,
rm,sinato,2020,love,,
rm,sinato,2021,love,,
rm,sinato,2022,love,,
SAH,soccx,2016,model,modeling,
BM,soko5113,2015,actor,tvshow,ZDF
BM,sokostuttgart,2015,actor,tvshow,ZDF
BM,sokowismar,2016,actor,tvshow,ZDF
sn,soliver,2020,ambassador,advertisement,
mn,sommeramalfi,2013,actor,movie,
ak,sonyericsonxperia,2011,ambassador,modeling,
HN,southafrica,,model,modeling,
BM,sposabella,2008,model,modeling,
AW,starforcekampagne,2007,model,advertisement,Pro7
ys,starsaufeis,2007,candidate,tvshow,Pro7
jf,steiner,2022,contract,modeling,
jh,steuerfachangestellte,2014,trainee,tax consultancy,
amp,stevemadon,2021,model,modeling,
rm,storyofmylife,2017,candidate,tvshow,VOX
BM,strangers,2013,actor,movie,
rm,sturmderliebe,2019,actor,tvshow,ARD
BM,style,2008,model,modeling,
HN,style,,model,modeling,
mn,sunlight,2014,actor,movie,
lg,supertalent,2013,jury,tvshow,RTL
lg,supertalent,2014,jury,tvshow,RTL
so,suprememgmtparis,2021,contract,modeling,
so,suprememgmtparis,2022,contract,modeling,
amp,swarovski,2021,model,modeling,
rm,taff,2012,host,tvshow,Pro7
HN,talbotundrunhof,,model,modeling,
ec,talderSkorpione,2019,actor,movie,
BM,tango,2008,model,modeling,
rm,taskforceBerlin,2013,actor,tvshow,Pro7
mn,tausendmal,2022,actor,movie,
hb,textilmodedesign,,student,university,
mu,tezenis,2020,model,modeling,
BM,theaspernpapers,2018,actor,movie,
LH,thejournal,2014,model,modeling,
aa,themanagementnyc,,contract,modeling,
AW,thenexturigeller,2008,candidate,tvshow,Pro7
hb,theologie,,student,university,
lg,thevoicesenior,2018,host,tvshow,Sat1
lg,thevoicesenior,2019,host,tvshow,Sat1
mvg,thomasrath,,model,modeling,
mn,tigges,2022,love,,
jf,tigi,2019,model,fashion,
amp,TikTok,2021,influencer,socialmedia,
amp,TikTok,2022,influencer,socialmedia,
CB,TikTok,2020,influencer,socialmedia,
CB,TikTok,2021,influencer,socialmedia,
CB,TikTok,2022,influencer,socialmedia,
dc,TikTok,2021,influencer,socialmedia,
dc,TikTok,2022,influencer,socialmedia,
ec,TikTok,2022,influencer,socialmedia,
fh,TikTok,2019,influencer,socialmedia,
fh,TikTok,2020,influencer,socialmedia,
fh,TikTok,2021,influencer,socialmedia,
fh,TikTok,2022,influencer,socialmedia,
kh,TikTok,2022,influencer,socialmedia,
lg,TikTok,2020,influencer,socialmedia,
lg,TikTok,2021,influencer,socialmedia,
lg,TikTok,2022,influencer,socialmedia,
mu,TikTok,2020,influencer,socialmedia,
mu,TikTok,2021,influencer,socialmedia,
mu,TikTok,2022,influencer,socialmedia,
rm,TikTok,2019,influencer,socialmedia,
rm,TikTok,2020,influencer,socialmedia,
rm,TikTok,2021,influencer,socialmedia,
rm,TikTok,2022,influencer,socialmedia,
sg,TikTok,2022,influencer,socialmedia,
sg,TikTok,2021,influencer,socialmedia,
sg,TikTok,2020,influencer,socialmedia,
so,TikTok,2021,influencer,socialmedia,
so,TikTok,2022,influencer,socialmedia,
sp,TikTok,2020,influencer,socialmedia,
sp,TikTok,2021,influencer,socialmedia,
sp,TikTok,2022,influencer,socialmedia,
tda,TikTok,2020,influencer,socialmedia,
tda,TikTok,2021,influencer,socialmedia,
tda,TikTok,2022,influencer,socialmedia,
ys,TikTok,2020,influencer,socialmedia,
ys,TikTok,2021,influencer,socialmedia,
ys,TikTok,2022,influencer,socialmedia,
le,tinamyake,,model,modeling,
it,toga,2019,model,fashion,
HN,tommyhilfiger,,ambassador,advertisement,
SH,triumphlingerie,2020,model,modeling,
SH,tuccilookbook,2018,model,modeling,
as,tush,2022,model,modeling,
sg,tush,2018,model,modeling,
jh,Twitch,,host,gaming,
ak,twofliesmanagement,2012,contract,modeling,
as,twomanagement,2020,contract,agency,
as,twomanagement,2021,contract,agency,
as,twomanagement,2022,contract,agency,
aa,uniqlocore,2014,model,advertisement,
HN,unrathundstrano,,model,modeling,
rm,unsereZeitistjetzt,2016,actor,movie,
HN,valisere,,ambassador,advertisement,
SAH,Veranstaltungskauffrau,,trainee,event,
ys,verboteneliebe,2013,actor,tvshow,ARD
aa,veronicabeard,2019,model,advertisement,
jwr,veto,2022,ambassador,charity,
mn,vierfete,2021,host,podcast,
jb,viewmanagement,2012,contract,modeling,
aa,vogue,2013,model,modeling,
sg,vogue,2017,model,modeling,
lg,voiceofgermany,2015,host,tvshow,Pro7
lg,voiceofgermany,2016,host,tvshow,Pro7
lg,voiceofgermany,2017,host,tvshow,Pro7
lg,voiceofgermany,2018,host,tvshow,Pro7
lg,voiceofgermany,2019,host,tvshow,Pro7
lg,voiceofgermany,2020,host,tvshow,Pro7
lg,voiceofgermany,2021,host,tvshow,Pro7
jds,volkswagen,,model,advertisement,
LH,weidner,2012,love,,
LH,weidner,2013,love,,
LH,weidner,2014,love,,
LH,weidner,2015,love,,
LH,weidner,2016,love,,
LH,weidner,2017,love,,
LH,weidner,2018,love,,
AW,welovewinterkampagne,2007,model,advertisement,Pro7
ec,werweissdennsowas,2016,candidate,tvshow,ARD
le,werweissdennsowas,2017,candidate,tvshow,ARD
rm,werweissdennsowas,2016,candidate,tvshow,ARD
tda,werweissdennsowas,2019,candidate,tvshow,ARD
BM,wiegenlied,2012,actor,movie,
tda,wincentweiss,2018,actor,musicvideo,
lg,windowslive,2006,ambassador,advertisement,
sg,wmhealth,2016,model,modeling,
sn,wmhealth,2019,model,modeling,
BM,wolkeuntermdach,2022,actor,movie,
kh,womenforwomen,2020,ambassador,event,
kh,womenforwomen,2021,ambassador,event,
kh,womenforwomen,2022,ambassador,event,
so,womenmilano,2021,contract,modeling,
so,womenmilano,2022,contract,modeling,
ec,wuff,2018,actor,movie,
sg,wuff,2018,actor,movie,
BM,wwf,2015,ambassador,advertisement,
BM,yogurette,2008,ambassador,advertisement,
mn,yogurette,2015,ambassador,advertisement,
CB,yohjiyamamoto,,model,modeling,
le,youandi,2013,model,modeling,
BM,yulimodels,,contract,modeling,
AW,zahntechnikerin,2013,employee,medicin,
dc,zalando,2021,model,modeling,
LH,zalando,2013,ambassador,advertisement,
tda,zalando,,model,modeling,
aa,zanabayne,2014,model,modeling,